{"videoList":[{"videoName":"demolow","videTime":"00:02:37","videoPath":"F:\\FFOutput\\demolow.3gp","playStatus":"1","lastTime":"00:02:36","isDelete":"0","fileType":6},{"videoName":"360度全景8K视频","videTime":"00:04:37","videoPath":"F:\\FFOutput\\360度全景8K视频.mp4","playStatus":"1","lastTime":"00:00:09","isDelete":"0","fileType":2},{"videoName":"DOVR-095-A","videTime":"00:01:54","videoPath":"F:\\FFOutput\\DOVR-095-A.mp4","playStatus":"1","lastTime":"00:00:20","isDelete":"0","fileType":2},{"videoName":"jialebihaidao3.特效中英双字.1080P","videTime":"02:39:02","videoPath":"F:\\FFOutput\\jialebihaidao3.特效中英双字.1080P.mp4","playStatus":"1","lastTime":"00:00:13","isDelete":"0","fileType":2},{"videoName":"old","videTime":"0","videoPath":"F:\\FFOutput\\old.ts","playStatus":"0","lastTime":"0","isDelete":"0","fileType":13},{"videoName":"result","videTime":"0","videoPath":"F:\\FFOutput\\result.mp4","playStatus":"0","lastTime":"0","isDelete":"0","fileType":2},{"videoName":"result1","videTime":"0","videoPath":"F:\\FFOutput\\result1.mp4","playStatus":"0","lastTime":"0","isDelete":"0","fileType":2},{"videoName":"TOP_GIRL","videTime":"00:03:52","videoPath":"F:\\FFOutput\\TOP_GIRL.flv","playStatus":"1","lastTime":"00:02:40","isDelete":"0","fileType":10},{"videoName":"TOP_GIRL","videTime":"0","videoPath":"F:\\FFOutput\\TOP_GIRL.mp4","playStatus":"0","lastTime":"0","isDelete":"0","fileType":2},{"videoName":"TOP_GIRL","videTime":"0","videoPath":"F:\\FFOutput\\TOP_GIRL.mpg","playStatus":"0","lastTime":"0","isDelete":"0","fileType":7},{"videoName":"TOP_GIRL","videTime":"0","videoPath":"F:\\FFOutput\\TOP_GIRL.rmvb","playStatus":"0","lastTime":"0","isDelete":"0","fileType":11},{"videoName":"TOP_GIRL","videTime":"0","videoPath":"F:\\FFOutput\\TOP_GIRL.ts","playStatus":"0","lastTime":"0","isDelete":"0","fileType":13},{"videoName":"TOP_GIRL12","videTime":"0","videoPath":"F:\\FFOutput\\TOP_GIRL12.mp4","playStatus":"0","lastTime":"0","isDelete":"0","fileType":2},{"videoName":"TOP_GIRL2","videTime":"0","videoPath":"F:\\FFOutput\\TOP_GIRL2.mp4","playStatus":"0","lastTime":"0","isDelete":"0","fileType":2},{"videoName":"TOP_GIRL3","videTime":"0","videoPath":"F:\\FFOutput\\TOP_GIRL3.mp4","playStatus":"0","lastTime":"0","isDelete":"0","fileType":2},{"videoName":"x1guide","videTime":"0","videoPath":"F:\\FFOutput\\x1guide.mp4","playStatus":"0","lastTime":"0","isDelete":"0","fileType":2},{"videoName":"★美女舞蹈（上下格式，演示用）_OU","videTime":"0","videoPath":"F:\\FFOutput\\★美女舞蹈（上下格式，演示用）_OU.mp4","playStatus":"0","lastTime":"0","isDelete":"0","fileType":2},{"videoName":"★美女舞蹈（上下格式，演示用）_OU","videTime":"0","videoPath":"F:\\FFOutput\\★美女舞蹈（上下格式，演示用）_OU.ts","playStatus":"0","lastTime":"0","isDelete":"0","fileType":13},{"videoName":"生化危机4","videTime":"0","videoPath":"F:\\FFOutput\\生化危机4.ts","playStatus":"0","lastTime":"0","isDelete":"0","fileType":13},{"videoName":"赤壁景点","videTime":"0","videoPath":"F:\\FFOutput\\赤壁景点.asf","playStatus":"0","lastTime":"0","isDelete":"0","fileType":8},{"videoName":"aac","videTime":"0","videoPath":"F:\\FFOutput\\out\\aac.mp4","playStatus":"0","lastTime":"0","isDelete":"0","fileType":2},{"videoName":"ac3","videTime":"0","videoPath":"F:\\FFOutput\\out\\ac3.mkv","playStatus":"0","lastTime":"0","isDelete":"0","fileType":9},{"videoName":"ac3","videTime":"0","videoPath":"F:\\FFOutput\\out\\ac3.mp4","playStatus":"0","lastTime":"0","isDelete":"0","fileType":2},{"videoName":"dts","videTime":"0","videoPath":"F:\\FFOutput\\out\\dts.mp4","playStatus":"0","lastTime":"0","isDelete":"0","fileType":2},{"videoName":"flac","videTime":"0","videoPath":"F:\\FFOutput\\out\\flac.mp4","playStatus":"0","lastTime":"0","isDelete":"0","fileType":2},{"videoName":"mpeg","videTime":"0","videoPath":"F:\\FFOutput\\out\\mpeg.mp4","playStatus":"0","lastTime":"0","isDelete":"0","fileType":2},{"videoName":"vorb","videTime":"0","videoPath":"F:\\FFOutput\\out\\vorb.mp4","playStatus":"0","lastTime":"0","isDelete":"0","fileType":2},{"videoName":"Action Sport Video Shoot with Meike 6.5mm Circular Fisheye Lens Sony E Mount2","videTime":"0","videoPath":"F:\\FFOutput\\Action Sport Video Shoot with Meike 6.5mm Circular Fisheye Lens Sony E Mount2.mp4","playStatus":"0","lastTime":"0","isDelete":"0","fileType":2}]}