{
  "app_key": "",
  "bindings": {
    "/actions/default": {
      "sources": [
        {
          "path": "/user/hand/left/input/trigger",
          "mode": "trigger",
          "inputs": {
            "click": {
              "output": "/actions/default/in/InteractUI"
            }
          }
        },
        {
          "path": "/user/hand/right/input/trigger",
          "mode": "trigger",
          "inputs": {
            "click": {
              "output": "/actions/default/in/InteractUI"
            }
          }
        },
        {
          "path": "/user/hand/left/input/trigger",
          "mode": "trigger",
          "inputs": {
            "pull": {
              "output": "/actions/default/in/Squeeze"
            }
          }
        },
        {
          "path": "/user/hand/right/input/trigger",
          "mode": "trigger",
          "inputs": {
            "pull": {
              "output": "/actions/default/in/Squeeze"
            }
          }
        },
        {
          "path": "/user/hand/left/input/trackpad",
          "mode": "trackpad",
          "inputs": {
            "position": {
              "output": "/actions/default/in/Move"
            }
          }
        },
        {
          "path": "/user/hand/right/input/trackpad",
          "mode": "trackpad",
          "inputs": {
            "position": {
              "output": "/actions/default/in/Move"
            }
          }
        }
      ]
    }
  },
  "controller_type": "GSXR_Touch",
  "name": "GSXR_Touch"
}