{
  "app_key": "",
  "bindings": {
    "/actions/default": {
      "sources": [
        {
          "path": "/user/hand/left/input/trigger",
          "mode": "trigger",
          "inputs": {
            "click": {
              "output": "/actions/default/in/InteractUI"
            }
          }
        },
        {
          "path": "/user/hand/right/input/trigger",
          "mode": "trigger",
          "inputs": {
            "click": {
              "output": "/actions/default/in/InteractUI"
            }
          }
        },
        {
          "path": "/user/hand/left/input/trigger",
          "mode": "trigger",
          "inputs": {
            "pull": {
              "output": "/actions/default/in/Squeeze"
            }
          }
        },
        {
          "path": "/user/hand/right/input/trigger",
          "mode": "trigger",
          "inputs": {
            "pull": {
              "output": "/actions/default/in/Squeeze"
            }
          }
        },
        {
          "path": "/user/hand/left/input/joystick",
          "mode": "joystick",
          "inputs": {
            "position": {
              "output": "/actions/default/in/Move"
            }
          }
        },
        {
          "path": "/user/hand/right/input/joystick",
          "mode": "joystick",
          "inputs": {
            "position": {
              "output": "/actions/default/in/Move"
            }
          }
        },
        {
          "path": "/user/hand/left/input/y",
          "mode": "button",
          "inputs": {
            "click": {
              "output": "/actions/default/in/ReturnButton"
            }
          }
        },
        {
          "path": "/user/hand/right/input/b",
          "mode": "button",
          "inputs": {
            "click": {
              "output": "/actions/default/in/ReturnButton"
            }
          }
        },
        {
          "path": "/user/hand/left/input/x",
          "mode": "button",
          "inputs": {
            "click": {
              "output": "/actions/default/in/ConfirmButton"
            }
          }
        },
        {
          "path": "/user/hand/right/input/a",
          "mode": "button",
          "inputs": {
            "click": {
              "output": "/actions/default/in/ConfirmButton"
            }
          }
        }
      ]
    }
  },
  "controller_type": "GSXR_Joystick",
  "name": "GSXR_Joystick"
}